{
  "mean": [
    69259.59024971462,
    69515.39480878995,
    68998.49323416095,
    69265.22953481735,
    1397.764141458904,
    0.0
  ],
  "std": [
    20648.020858804713,
    20726.329730255875,
    20572.72596620087,
    20647.678929159716,
    1422.5301584998422,
    1.0
  ],
  "feature_cols": [
    "open",
    "high",
    "low",
    "close",
    "volume",
    "amount"
  ]
}